s1`StestUser1`1234`Diedre`Irwin`98961952`0495789206`widen@icloud.com`MVTC431165`2519|2500`805-571`98909247`uberSpecialist1
s2`StestUser2`1234`Clementine`Gilbert`88904688`0450154617`poetry@aim.com`MVTC984109`2502|2527`597-796`11661171`uberSpecialist2
s3`StestUser3`1234`Claude`Pierce`97566363`0478131271`ivory@gmail.com`MVTC199486`2525|2526`497-828`99061168`uberSpecialist3
s4`StestUser4`1234`Esther`Lancaster`42472278`0481529431`polite@outlook.com`MVTC360507`2516`167-531`45801318`uberSpecialist4
s5`StestUser5`1234`Esther`Sullivan`70587594`0495371542`vague@tutanota.com`MVTC22768`2525`811-437`28855693`uberSpecialist5
s6`StestUser6`1234`Clementine`Nash`40246322`0476653447`fling@hotmail.com`MVTC217493`2518|2519`581-247`52898355`uberSpecialist6
s7`StestUser7`1234`Frederick`Irwin`15286902`0480801080`widen@ninemsn.com.au`MVTC656106`2517`621-125`20957084`uberSpecialist7
s8`StestUser8`1234`Harrison`Quinn`80918621`0496534259`aural@email.com`MVTC933531`2527`316-651`39685713`uberSpecialist8
s9`StestUser9`1234`Alice`Foresithe`29057667`0498326602`cold@email.com`MVTC80871`2519|2500`835-620`38747365`uberSpecialist9
s10`StestUser10`1234`Diedre`Anderson`35663711`0454931058`cold@gmail.com`MVTC80508`2502|2527`462-485`45628375`uberSpecialist10
s11`StestUser11`1234`Harrison`Irwin`39616855`0444816588`close@yahoo.com`MVTC955707`2527`880-297`77733474`uberSpecialist11
s12`StestUser12`1234`Esther`Sullivan`82163657`0412487512`fling@hotmail.com`MVTC74243`2525`512-209`82252396`uberSpecialist12
s13`StestUser13`1234`Alex`Buchanan`50184620`0477913105`width@email.com`MVTC640303`2518|2519`790-650`17146717`uberSpecialist13
s14`StestUser14`1234`Clementine`MacDonald`33074403`0482295063`dish@icloud.com`MVTC814420`2529|2530`629-733`97534652`uberSpecialist14
s15`StestUser15`1234`Frederick`Knight`13936377`0465886990`width@gmail.com`MVTC323276`2528`447-705`44705769`uberSpecialist15
s16`StestUser16`1234`Esther`Nash`42148578`0411966487`stun@protonmail.com`MVTC6779`2529`483-670`32219945`uberSpecialist16
s17`StestUser17`1234`Claude`Sullivan`42159267`0424576671`polite@aim.com`MVTC567807`2515|2516`490-793`27794935`uberSpecialist17
s18`StestUser18`1234`Isaac`Hansen`57802557`0456018604`ivory@ninemsn.com.au`MVTC801264`2505`544-838`62185597`uberSpecialist18
s19`StestUser19`1234`Harrison`Lancaster`43397241`0458127022`close@tutamail.com`MVTC610445`2500|2525`601-663`27716692`uberSpecialist19
s20`StestUser20`1234`Henrietta`Tremvlay`38079309`0452901144`poetry@friends.me`MVTC707822`2517`979-738`43939055`uberSpecialist20
s21`StestUser21`1234`Claude`Foresithe`19233705`0459871846`ivory@tutanota.de`MVTC223733`2502`378-725`56237604`uberSpecialist21
s22`StestUser22`1234`George`MacDonald`77272349`0459207474`slap@aol.com`MVTC224630`2527|2528`438-789`67509616`uberSpecialist22
s23`StestUser23`1234`Daniel`Dillon`28083004`0442794779`dish@zoho.com`MVTC741119`2528|2529`556-661`77344855`uberSpecialist23
s24`StestUser24`1234`Isabelle`MacDonald`72803977`0497934901`vague@tutamail.com`MVTC55691`2502|2527`237-818`71254836`uberSpecialist24
s25`StestUser25`1234`Frederick`MacDonald`97007844`0459748290`ladder@protonmail.ch`MVTC41476`2519`584-607`68755580`uberSpecialist25
s26`StestUser26`1234`Jezabel`Irwin`29106788`0471392695`width@tuta.io`MVTC5903`2527|2528`639-990`77874189`uberSpecialist26
s27`StestUser27`1234`Bradley`Dillon`27434832`0438919978`width@hotmail.com`MVTC828838`2500`721-815`66394083`uberSpecialist27
s28`StestUser28`1234`Breanna`Knight`17514204`0458163400`widen@keemail.me`MVTC891346`2529|2530`102-249`62437834`uberSpecialist28
s29`StestUser29`1234`Esther`Sullivan`95659853`0483605566`stun@protonmail.com`MVTC663874`2515|2516`177-610`31269935`uberSpecialist29
s30`StestUser30`1234`Bradley`Gilbert`70824244`0480231099`slap@protonmail.com`MVTC54763`2516`125-567`22458811`uberSpecialist30
s31`StestUser31`1234`Harrison`Lancaster`41750884`0425568975`width@protonmail.com`MVTC531405`2505`636-770`40514048`uberSpecialist31
s32`StestUser32`1234`Henrietta`Anderson`63592465`0465697642`stun@tutanota.com`MVTC383791`2516|2517`788-803`45919044`uberSpecialist32
s33`StestUser33`1234`Jezabel`Buchanan`82421803`0443381990`creation@protonmail.ch`MVTC722233`2527|2528`233-557`45854078`uberSpecialist33
s34`StestUser34`1234`Breanna`Buchanan`60236524`0410087135`stun@protonmail.com`MVTC5682`2519`579-758`33522047`uberSpecialist34
s35`StestUser35`1234`Claude`Buchanan`68291568`0487106964`widen@gmail.com`MVTC345469`2502|2527`478-788`66995194`uberSpecialist35
s36`StestUser36`1234`Eustas`Eckhaert`90079613`0432444730`ladder@tutanota.de`MVTC552529`2519`403-562`15043073`uberSpecialist36
s37`StestUser37`1234`George`Tremvlay`54440745`0413528103`poetry@icloud.com`MVTC869511`2518|2519`752-363`70656118`uberSpecialist37
s38`StestUser38`1234`Isabelle`Quinn`58879956`0474772580`creation@zoho.com`MVTC911240`2519`763-588`65225043`uberSpecialist38
s39`StestUser39`1234`George`Combes`16979145`0427702420`fling@protonmail.com`MVTC662883`2517|2518`848-315`62202178`uberSpecialist39
s40`StestUser40`1234`Bradley`Buchanan`94684854`0486197932`ladder@friends.me`MVTC749267`2526`417-188`46868841`uberSpecialist40
s41`StestUser41`1234`Isaac`Knight`32611359`0414903681`slam@tutamail.com`MVTC407864`2502`289-731`50283130`uberSpecialist41
s42`StestUser42`1234`Breanna`Knight`83358615`0494616203`fling@tutanota.com`MVTC274630`2528|2529`943-259`82365071`uberSpecialist42
s43`StestUser43`1234`Frederick`Gilbert`97347780`0412455659`close@ninemsn.com.au`MVTC566703`2515`523-651`39975307`uberSpecialist43
s44`StestUser44`1234`Justin`Hansen`42748663`0442719787`close@tutamail.com`MVTC42158`2529`209-740`26016765`uberSpecialist44
s45`StestUser45`1234`Jezabel`Anderson`82188586`0463983622`width@aol.com`MVTC540205`2528`900-438`79794504`uberSpecialist45
s46`StestUser46`1234`Alice`Lancaster`72364639`0479174555`cold@icloud.com`MVTC670538`2529|2530`767-114`24814935`uberSpecialist46
s47`StestUser47`1234`Isaac`Nash`59380236`0481931792`widen@aol.com`MVTC393759`2516|2517`855-233`57586752`uberSpecialist47
s48`StestUser48`1234`Harrison`Jones`18525095`0449313149`suggest@email.com`MVTC248989`2515`294-411`46909103`uberSpecialist48
s49`StestUser49`1234`Diedre`Eckhaert`23548188`0433932816`suggest@friends.me`MVTC434861`2500|2525`399-336`84498598`uberSpecialist49
s50`StestUser50`1234`Clementine`Dillon`83961431`0464278090`polite@protonmail.ch`MVTC930469`2525`784-423`43084953`uberSpecialist50
s51`StestUser51`1234`Diedre`Pierce`42780771`0413644818`vague@outlook.com`MVTC889809`2525`606-995`84742599`uberSpecialist51
s52`StestUser52`1234`Claude`Dillon`15513657`0491874109`creation@yahoo.com`MVTC641395`2505`412-466`35038089`uberSpecialist52
s53`StestUser53`1234`Esther`Foresithe`45070374`0418324872`pile@bigpond.com.au`MVTC862277`2529`355-786`52506390`uberSpecialist53
s54`StestUser54`1234`Henrietta`Nash`22937376`0449273520`stun@hotmail.com`MVTC77845`2500`183-278`38897646`uberSpecialist54
s55`StestUser55`1234`Breanna`Foresithe`43621170`0429356080`creation@tuta.io`MVTC590974`2516`234-836`56751251`uberSpecialist55
s56`StestUser56`1234`Harrison`Lancaster`66435074`0421032946`suggest@email.com`MVTC692717`2518|2519`312-173`17182825`uberSpecialist56
s57`StestUser57`1234`Breanna`Ritter`75392109`0432383480`widen@zoho.com`MVTC862675`2525|2526`945-229`88581839`uberSpecialist57
s58`StestUser58`1234`Diedre`Buchanan`35401804`0441389939`poetry@tuta.io`MVTC169382`2517`825-877`22033608`uberSpecialist58
s59`StestUser59`1234`George`Hansen`97412452`0471377016`dish@tutamail.com`MVTC4482`2527|2528`524-975`26772663`uberSpecialist59
s60`StestUser60`1234`Harrison`Dillon`22447987`0482649891`close@keemail.me`MVTC119677`2517`921-659`39444284`uberSpecialist60
s61`StestUser61`1234`Jezabel`Hansen`77612870`0444483829`close@tutanota.com`MVTC452700`2518|2519`315-941`99299072`uberSpecialist61
s62`StestUser62`1234`Alice`Foresithe`59923995`0479236878`ladder@bigpond.com.au`MVTC629862`2506`233-674`23248224`uberSpecialist62
s63`StestUser63`1234`Henrietta`Foresithe`70623337`0416212891`polite@yandex.com`MVTC704784`2516|2517`512-705`61936024`uberSpecialist63
s64`StestUser64`1234`Esther`Nash`92734733`0449271108`ladder@tutanota.de`MVTC376597`2515`586-998`35428190`uberSpecialist64
s65`StestUser65`1234`Daniel`O'Briain`100080225`0444785632`slam@tuta.io`MVTC339984`2527`100-738`11027366`uberSpecialist65
s66`StestUser66`1234`George`Jones`57637747`0480565946`dish@hotmail.com`MVTC2642`2525|2526`127-820`20748239`uberSpecialist66
s67`StestUser67`1234`George`Hansen`50800607`0415785343`vague@hotmail.com`MVTC260842`2525`986-333`27619708`uberSpecialist67
s68`StestUser68`1234`Daniel`Hansen`14265539`0491245370`poetry@protonmail.ch`MVTC959411`2528`715-634`55915063`uberSpecialist68
s69`StestUser69`1234`Isabelle`Combes`46865519`0494728093`vague@tutamail.com`MVTC41213`2502`189-701`29519584`uberSpecialist69
s70`StestUser70`1234`George`Lancaster`56036467`0418929107`ladder@ninemsn.com.au`MVTC469761`2516`751-966`83735543`uberSpecialist70
s71`StestUser71`1234`Frederick`Lancaster`48049269`0453601038`suggest@aim.com`MVTC262383`2529|2530`672-119`55702392`uberSpecialist71
s72`StestUser72`1234`Bradley`Combes`56387897`0436668739`ivory@zoho.com`MVTC756887`2500`223-814`39473654`uberSpecialist72
s73`StestUser73`1234`Diedre`O'Briain`33149688`0484525388`cold@friends.me`MVTC31742`2529|2530`191-505`95539160`uberSpecialist73
s74`StestUser74`1234`Breanna`Quinn`81290806`0484697007`widen@gmail.com`MVTC31498`2519`531-919`17603833`uberSpecialist74
s75`StestUser75`1234`Alice`O'Briain`98060102`0491178626`polite@tuta.io`MVTC43717`2526`260-263`30072842`uberSpecialist75
s76`StestUser76`1234`Bradley`Tremvlay`74563514`0484768551`vague@zoho.com`MVTC0775`2505`354-964`97926171`uberSpecialist76
s77`StestUser77`1234`Francesca`Ritter`15964080`0433086888`casualty@bigpond.com.au`MVTC563561`2528`685-461`47899877`uberSpecialist77
s78`StestUser78`1234`Alex`Lancaster`74620261`0474611123`angel@protonmail.ch`MVTC292611`2500`846-574`74646123`uberSpecialist78
s79`StestUser79`1234`Eustas`Nash`64538062`0480284867`cold@hotmail.com`MVTC595914`2515|2516`291-369`24981330`uberSpecialist79
s80`StestUser80`1234`Daniel`Gilbert`82557548`0493107567`close@keemail.me`MVTC230402`2528|2529`569-803`99815973`uberSpecialist80
s81`StestUser81`1234`Alice`Anderson`78821900`0481711053`pile@keemail.me`MVTC311592`2505|2506`464-745`44775171`uberSpecialist81
s82`StestUser82`1234`Justin`Sullivan`87824033`0496109388`dish@protonmail.ch`MVTC489604`2526`690-120`56755530`uberSpecialist82
s83`StestUser83`1234`Henrietta`Jones`97932532`0448067593`ivory@icloud.com`MVTC853396`2518`319-309`69271259`uberSpecialist83
s84`StestUser84`1234`Claude`Nash`87779158`0483665688`close@hotmail.com`MVTC559428`2529|2530`454-694`91607272`uberSpecialist84
s85`StestUser85`1234`Bradley`Jones`91191906`0475388887`slap@email.com`MVTC878506`2502`460-861`83293270`uberSpecialist85
s86`StestUser86`1234`Frederick`Gilbert`83397196`0446939843`widen@icloud.com`MVTC13553`2529|2530`733-166`57959540`uberSpecialist86
s87`StestUser87`1234`Francesca`Quinn`79626025`0416131530`slap@zoho.com`MVTC492817`2525|2526`774-437`30941140`uberSpecialist87
s88`StestUser88`1234`Daniel`Hansen`39131107`0462146962`angel@tutanota.com`MVTC120569`2525`986-509`66286389`uberSpecialist88
s89`StestUser89`1234`Esther`Irwin`38589633`0439099946`close@protonmail.com`MVTC995203`2529`811-413`97055194`uberSpecialist89
s90`StestUser90`1234`Alice`Anderson`46157767`0421423340`slap@keemail.me`MVTC127862`2526`735-854`55119624`uberSpecialist90
s91`StestUser91`1234`Alice`O'Briain`11136843`0482114211`ladder@outlook.com`MVTC922623`2505|2506`235-554`44767558`uberSpecialist91
s92`StestUser92`1234`Henrietta`Anderson`50493507`0466311375`angel@yandex.com`MVTC671555`2528`185-721`42934253`uberSpecialist92
s93`StestUser93`1234`Esther`Ritter`97911060`0474646987`creation@zoho.com`MVTC262312`2529`848-134`89861040`uberSpecialist93
s94`StestUser94`1234`Jezabel`Gilbert`54411640`0470262050`dish@tutamail.com`MVTC33144`2526|2505`282-150`31703556`uberSpecialist94
s95`StestUser95`1234`Justin`Nash`50505345`0428542088`ladder@aol.com`MVTC363659`2525`541-443`26232801`uberSpecialist95
s96`StestUser96`1234`Isaac`Pierce`48502483`0479483153`aural@aol.com`MVTC872723`2500|2525`677-579`16661569`uberSpecialist96
s97`StestUser97`1234`Harrison`Jones`98684017`0410239965`pile@tuta.io`MVTC828610`2526`593-411`59085508`uberSpecialist97
s98`StestUser98`1234`Gina`Buchanan`34503841`0413485885`widen@tutanota.de`MVTC968900`2516|2517`778-384`58053253`uberSpecialist98
s99`StestUser99`1234`Frederick`Pierce`64865684`0422331768`aural@keemail.me`MVTC527471`2518|2519`982-172`39108256`uberSpecialist99
s100`StestUser100`1234`Esther`Dillon`37667549`0461916906`casualty@icloud.com`MVTC234161`2502|2527`779-111`29428603`uberSpecialist100
